1.410279, 0.024464, 3.141593, 1.410875
1.449657, 0.020381, 3.141593, 1.416785
1.469323, 0.013109, 3.141593, 1.422931
1.521825, 0.007553, 3.141593, 1.428605
1.532575, 0.004617, 3.141593, 1.432151
1.571062, -0.002163, 3.141593, 1.433570
1.613598, -0.005824, 3.141593, 1.434988
1.654969, -0.008093, 3.141593, 1.437116
1.674359, -0.008892, 3.141593, 1.438298
1.731488, -0.010333, 3.141593, 1.439243
1.795699, -0.025642, 3.141593, 1.441844
1.901478, -0.041868, 3.141593, 1.447045
1.966799, -0.046425, 3.141593, 1.447518
2.043697, -0.046497, 3.141593, 1.447754
2.080495, -0.043864, 3.141593, 1.448463
2.098070, -0.037656, 3.141593, 1.447281
2.108146, -0.032465, 3.141593, 1.447518
2.140555, -0.033069, 3.141593, 1.447045
2.167535, -0.045747, 3.141593, 1.447518
2.187626, -0.051309, 3.141593, 1.447281
2.198901, -0.055705, 3.141593, 1.448463
2.229505, -0.061720, 3.141593, 1.448227
2.228951, -0.063317, 3.141593, 1.446099
2.241871, -0.064436, 3.141593, 1.445390
2.323217, -0.088551, 3.141593, 1.444681
2.385523, -0.104583, 3.141593, 1.443972
2.455844, -0.121767, 3.141593, 1.444917
2.499071, -0.139951, 3.141593, 1.443972
2.557532, -0.156466, 3.141593, 1.443972
2.639772, -0.167647, 3.141593, 1.443735
2.750850, -0.182939, 3.141593, 1.446572
2.811190, -0.190880, 3.141593, 1.446809
2.890471, -0.195883, 3.141593, 1.446336
2.935998, -0.197204, 3.141593, 1.446099
2.961275, -0.201031, 3.141593, 1.445863
2.989896, -0.197401, 3.141593, 1.446099
3.026757, -0.195535, 3.141593, 1.447045
3.073046, -0.198769, 3.141593, 1.446809
3.109584, -0.202411, 3.141593, 1.449173
3.136796, -0.202506, 3.141593, 1.451300
3.195415, -0.210728, 3.141593, 1.451773
3.278696, -0.219852, 3.141593, 1.453191
3.334725, -0.229337, 3.141593, 1.452482
3.392155, -0.233493, 3.141593, 1.453664
3.435935, -0.229987, 3.141593, 1.453664
3.486653, -0.231718, 3.141593, 1.453664
3.517592, -0.233702, 3.141593, 1.452482
3.556605, -0.234625, 3.141593, 1.452482
3.606869, -0.241162, 3.141593, 1.454374
3.635538, -0.240691, 3.141593, 1.454610
3.650965, -0.244197, 3.141593, 1.454846
3.682675, -0.246199, 3.141593, 1.454374
3.704124, -0.250940, 3.141593, 1.452955
3.734151, -0.253217, 3.141593, 1.451537
3.759772, -0.254271, 3.141593, 1.451064
3.814251, -0.262831, 3.141593, 1.450591
3.865833, -0.270325, 3.141593, 1.448463
3.923024, -0.280961, 3.141593, 1.449645
3.942764, -0.286712, 3.141593, 1.451537
3.957022, -0.290080, 3.141593, 1.452009
3.978227, -0.293572, 3.141593, 1.452482
4.011450, -0.298860, 3.141593, 1.450591
4.032174, -0.306062, 3.141593, 1.450118
4.051139, -0.306903, 3.141593, 1.450355
4.058526, -0.300976, 3.141593, 1.449173
4.072437, -0.301647, 3.141593, 1.449645
4.100514, -0.305682, 3.141593, 1.448700
4.166085, -0.304768, 3.141593, 1.448463
4.216705, -0.303809, 3.141593, 1.449409
4.249274, -0.306596, 3.141593, 1.451537
4.301607, -0.311516, 3.141593, 1.451300
4.335248, -0.313753, 3.141593, 1.450118
4.354363, -0.318609, 3.141593, 1.450355
4.398839, -0.320543, 3.141593, 1.450355
4.425499, -0.326674, 3.141593, 1.448936
4.471220, -0.336086, 3.141593, 1.449409
4.493821, -0.343544, 3.141593, 1.448700
4.525533, -0.349901, 3.141593, 1.447754
4.547545, -0.353454, 3.141593, 1.450827
4.592600, -0.362323, 3.141593, 1.452719
4.631242, -0.368884, 3.141593, 1.452246
4.664423, -0.373446, 3.141593, 1.451064
4.705112, -0.381527, 3.141593, 1.450827
4.723211, -0.383971, 3.141593, 1.451300
4.738011, -0.385246, 3.141593, 1.450118
4.748339, -0.384466, 3.141593, 1.451300
4.790740, -0.391247, 3.141593, 1.450355
4.826551, -0.398416, 3.141593, 1.449645
4.853303, -0.402366, 3.141593, 1.449645
4.883508, -0.400544, 3.141593, 1.452246
4.939507, -0.406469, 3.141593, 1.452955
4.979164, -0.414066, 3.141593, 1.452246
5.016748, -0.418845, 3.141593, 1.451773
5.045696, -0.422544, 3.141593, 1.450355
5.073680, -0.426102, 3.141593, 1.450827
5.093587, -0.424916, 3.141593, 1.450355
5.115421, -0.428968, 3.141593, 1.450118
5.170369, -0.440358, 3.141593, 1.450118
5.193590, -0.448792, 3.141593, 1.451300
5.209595, -0.450871, 3.141593, 1.452246
5.268348, -0.464351, 3.141593, 1.453664
5.292285, -0.470988, 3.141593, 1.452955
5.310388, -0.477125, 3.141593, 1.451300
5.321172, -0.482303, 3.141593, 1.451537
5.350865, -0.481890, 3.141593, 1.451300
5.395184, -0.487635, 3.141593, 1.451064
5.430855, -0.489957, 3.141593, 1.450118
5.484830, -0.500173, 3.141593, 1.450118
5.510490, -0.505965, 3.141593, 1.451300
5.555862, -0.518487, 3.141593, 1.454137
5.583461, -0.521800, 3.141593, 1.453901
5.607129, -0.526698, 3.141593, 1.453428
5.628140, -0.529096, 3.141593, 1.452719
5.653107, -0.534113, 3.141593, 1.454137
5.694752, -0.543998, 3.141593, 1.453428
5.719058, -0.544732, 3.141593, 1.453664
5.758582, -0.551236, 3.141593, 1.453664
5.795800, -0.557432, 3.141593, 1.453428
5.829564, -0.563189, 3.141593, 1.455556
5.879703, -0.573253, 3.141593, 1.457447
5.891975, -0.572630, 3.141593, 1.456738
5.919782, -0.574787, 3.141593, 1.456974
5.972269, -0.585037, 3.141593, 1.457210
6.004493, -0.592806, 3.141593, 1.456738
6.037486, -0.599728, 3.141593, 1.457683
6.083082, -0.605857, 3.141593, 1.457920
6.139100, -0.616370, 3.141593, 1.456974
6.179301, -0.620715, 3.141593, 1.457210
6.215412, -0.625250, 3.141593, 1.460284
6.252425, -0.632289, 3.141593, 1.461229
6.301412, -0.644029, 3.141593, 1.458865
6.315354, -0.646243, 3.141593, 1.458156
6.337953, -0.649563, 3.141593, 1.456738
6.384329, -0.656869, 3.141593, 1.455083
6.408550, -0.659256, 3.141593, 1.454610
6.456708, -0.662786, 3.141593, 1.452719
6.509015, -0.670739, 3.141593, 1.451537
6.542791, -0.671812, 3.141593, 1.452955
6.563756, -0.674648, 3.141593, 1.452246
6.584483, -0.674262, 3.141593, 1.451300
6.607178, -0.676651, 3.141593, 1.450591
6.626219, -0.674759, 3.141593, 1.448936
6.674778, -0.681867, 3.141593, 1.448936
6.709014, -0.688891, 3.141593, 1.447754
6.743115, -0.692521, 3.141593, 1.448700
6.788681, -0.695485, 3.141593, 1.445863
6.825904, -0.701798, 3.141593, 1.445390
6.857205, -0.707764, 3.141593, 1.448227
6.885380, -0.708460, 3.141593, 1.449645
6.900041, -0.710563, 3.141593, 1.450591
6.916089, -0.713912, 3.141593, 1.450355
6.978856, -0.725955, 3.141593, 1.447518
7.008700, -0.731996, 3.141593, 1.448700
7.030351, -0.732380, 3.141593, 1.448227
7.045919, -0.732267, 3.141593, 1.447991
7.095333, -0.739266, 3.141593, 1.447281
7.122337, -0.745895, 3.141593, 1.446099
7.143217, -0.744458, 3.141593, 1.446336
7.216815, -0.754905, 3.141593, 1.449173
7.253207, -0.759739, 3.141593, 1.450591
7.276826, -0.758827, 3.141593, 1.450827
7.302295, -0.759946, 3.141593, 1.449173
7.352806, -0.757379, 3.141593, 1.449645
7.374108, -0.756797, 3.141593, 1.450355
7.391826, -0.751013, 3.141593, 1.451300
7.406657, -0.746106, 3.141593, 1.452246
7.434090, -0.736139, 3.141593, 1.450118
7.439483, -0.729829, 3.141593, 1.451300
7.492714, -0.732056, 3.141593, 1.453428
7.527335, -0.731434, 3.141593, 1.456265
7.577535, -0.726710, 3.141593, 1.457210
7.589172, -0.724769, 3.141593, 1.454374
7.625356, -0.714856, 3.141593, 1.452955
7.635366, -0.704021, 3.141593, 1.455556
7.680626, -0.692051, 3.141593, 1.455792
7.717182, -0.669058, 3.141593, 1.451300
7.734582, -0.656163, 3.141593, 1.451300
7.749751, -0.642257, 3.141593, 1.452482
7.779834, -0.622131, 3.141593, 1.453191
7.792283, -0.604547, 3.141593, 1.452246
7.847422, -0.579855, 3.141593, 1.445863
7.912223, -0.553783, 3.141593, 1.445626
7.966035, -0.535383, 3.141593, 1.447991
8.024865, -0.503893, 3.141593, 1.450827
8.072873, -0.473588, 3.141593, 1.450827
8.111857, -0.449644, 3.141593, 1.446809
8.125355, -0.429448, 3.141593, 1.449173
8.135522, -0.397267, 3.141593, 1.449645
8.185123, -0.353126, 3.141593, 1.444681
8.203636, -0.315697, 3.141593, 1.442790
8.214351, -0.273173, 3.141593, 1.443026
8.235366, -0.232042, 3.141593, 1.446099
8.254616, -0.188230, 3.141593, 1.441371
8.276930, -0.125897, 3.141593, 1.440189
8.282995, -0.077204, 3.141593, 1.438298
8.289269, -0.042619, 3.141593, 1.438771
8.287670, 0.007106, 3.141593, 1.439716
8.298761, 0.059075, 3.141593, 1.439243
8.297474, 0.116489, 3.141593, 1.436643
8.300959, 0.166145, 3.141593, 1.440189
8.315693, 0.236122, 3.141593, 1.440898
8.325355, 0.311537, 3.141593, 1.441608
8.325906, 0.355331, 3.141593, 1.444917
8.340509, 0.404956, 3.141593, 1.452955
8.353707, 0.407429, 3.141593, 1.452482
8.348881, 0.467695, 3.141593, 1.450355
8.344822, 0.494870, 3.141593, 1.454137
8.348352, 0.544127, 3.141593, 1.455319
8.354924, 0.562526, 3.141593, 1.451773
8.355958, 0.596502, 3.141593, 1.450827
8.355603, 0.670788, 3.141593, 1.451537
8.357168, 0.730717, 3.141593, 1.454374
8.360203, 0.785544, 3.141593, 1.449645
8.359192, 0.824258, 3.141593, 1.449882
8.377658, 0.866511, 3.141593, 1.451773
8.391922, 0.947481, 3.141593, 1.447045
8.391860, 0.976865, 3.141593, 1.446336
8.386290, 1.029316, 3.141593, 1.448227
8.393336, 1.092695, 3.141593, 1.452719
8.389682, 1.147490, 3.141593, 1.451064
8.388462, 1.209391, 3.141593, 1.451773
8.392098, 1.245864, 3.141593, 1.452246
8.407950, 1.308410, 3.141593, 1.452246
8.421120, 1.335133, 3.141593, 1.450118
8.433705, 1.396674, 3.141593, 1.452719
8.459249, 1.456170, 3.141593, 1.454610
8.470840, 1.497179, 3.141593, 1.454137
8.484013, 1.560302, 3.141593, 1.452246
8.486630, 1.609514, 3.141593, 1.452719
8.504863, 1.688184, 3.141593, 1.454137
8.510834, 1.741073, 3.141593, 1.450827
8.513893, 1.781377, 3.141593, 1.451300
8.504140, 1.806442, 3.141593, 1.455083
8.517540, 1.854749, 3.141593, 1.457683
8.526820, 1.905119, 3.141593, 1.456974
8.534935, 1.930901, 3.141593, 1.456265
8.539638, 1.985126, 3.141593, 1.459338
8.550278, 2.039024, 3.141593, 1.458156
8.562141, 2.102791, 3.141593, 1.460520
8.565569, 2.125896, 3.141593, 1.462411
8.578354, 2.151426, 3.141593, 1.463593
8.591581, 2.206027, 3.141593, 1.463357
8.611866, 2.263597, 3.141593, 1.461702
8.624754, 2.330654, 3.141593, 1.461939
8.629175, 2.361990, 3.141593, 1.460284
8.639752, 2.409093, 3.141593, 1.459574
8.641200, 2.448024, 3.141593, 1.461466
8.650692, 2.524426, 3.141593, 1.464539
8.652789, 2.577322, 3.141593, 1.464775
8.658894, 2.605068, 3.141593, 1.462411
8.664915, 2.662794, 3.141593, 1.463593
8.678751, 2.725645, 3.141593, 1.464775
8.682853, 2.761717, 3.141593, 1.464303
8.686001, 2.795621, 3.141593, 1.464775
8.696432, 2.843728, 3.141593, 1.467139
8.704309, 2.889512, 3.141593, 1.470686
8.715721, 2.936051, 3.141593, 1.469031
8.722431, 2.959531, 3.141593, 1.468085
8.731608, 3.004456, 3.141593, 1.469740
8.739366, 3.027492, 3.141593, 1.469740
8.733766, 3.047108, 3.141593, 1.468322
8.736345, 3.104499, 3.141593, 1.468558
8.745194, 3.128564, 3.141593, 1.470449
8.758154, 3.189420, 3.141593, 1.471868
8.765312, 3.207304, 3.141593, 1.469504
8.770778, 3.241709, 3.141593, 1.468322
8.781556, 3.274388, 3.141593, 1.468322
8.795555, 3.347880, 3.141593, 1.466194
8.796280, 3.367965, 3.141593, 1.463357
8.806407, 3.428284, 3.141593, 1.462175
8.811961, 3.462550, 3.141593, 1.462648
8.818511, 3.507926, 3.141593, 1.461939
8.825096, 3.535435, 3.141593, 1.459574
8.829537, 3.593236, 3.141593, 1.459811
8.828641, 3.615639, 3.141593, 1.459338
8.833417, 3.672070, 3.141593, 1.458629
8.829685, 3.697457, 3.141593, 1.457920
8.831503, 3.716704, 3.141593, 1.458392
8.835988, 3.775529, 3.141593, 1.463593
8.838514, 3.824513, 3.141593, 1.463593
8.850903, 3.870565, 3.141593, 1.464066
8.855451, 3.897989, 3.141593, 1.464066
8.853263, 3.942666, 3.141593, 1.465957
8.852079, 3.971107, 3.141593, 1.466667
8.852699, 3.991763, 3.141593, 1.464539
8.860253, 4.019917, 3.141593, 1.464775
8.866738, 4.071231, 3.141593, 1.468085
8.869008, 4.084645, 3.141593, 1.469267
8.866708, 4.111638, 3.141593, 1.469740
8.871685, 4.175514, 3.141593, 1.467139
8.875403, 4.195032, 3.141593, 1.466903
8.881082, 4.244745, 3.141593, 1.467376
8.877624, 4.279899, 3.141593, 1.466194
8.881063, 4.295298, 3.141593, 1.463593
8.884127, 4.342025, 3.141593, 1.464775
8.887321, 4.375715, 3.141593, 1.466194
8.892425, 4.407654, 3.141593, 1.465957
8.894309, 4.441186, 3.141593, 1.465485
8.894313, 4.491935, 3.141593, 1.461939
8.897435, 4.516470, 3.141593, 1.461939
8.906257, 4.548793, 3.141593, 1.463121
8.913853, 4.599724, 3.141593, 1.458392
8.919446, 4.648757, 3.141593, 1.459102
8.923709, 4.688976, 3.141593, 1.459574
8.917716, 4.749696, 3.141593, 1.461939
8.927394, 4.787554, 3.141593, 1.461466
8.937534, 4.847152, 3.141593, 1.458865
8.944207, 4.870068, 3.141593, 1.460047
8.950441, 4.928497, 3.141593, 1.459338
8.952085, 4.931837, 3.141593, 1.456738
8.957593, 4.979053, 3.141593, 1.460757
8.965555, 5.032490, 3.141593, 1.464539
8.972056, 5.065971, 3.141593, 1.465485
8.972498, 5.090510, 3.141593, 1.462884
8.977805, 5.143390, 3.141593, 1.462648
8.978024, 5.163707, 3.141593, 1.464539
8.985786, 5.214775, 3.141593, 1.463357
8.994918, 5.260293, 3.141593, 1.464303
9.003587, 5.318209, 3.141593, 1.466667
9.000769, 5.344137, 3.141593, 1.468794
9.008889, 5.366015, 3.141593, 1.469267
9.014052, 5.423748, 3.141593, 1.467376
9.016005, 5.461460, 3.141593, 1.468085
9.016909, 5.494030, 3.141593, 1.469031
9.020735, 5.567055, 3.141593, 1.466194
9.020327, 5.628944, 3.141593, 1.467139
9.019923, 5.656040, 3.141593, 1.467139
9.024671, 5.715064, 3.141593, 1.469267
9.027965, 5.768672, 3.141593, 1.465485
9.033455, 5.804789, 3.141593, 1.466430
9.035105, 5.830147, 3.141593, 1.466667
9.043978, 5.890470, 3.141593, 1.464539
9.048598, 5.943362, 3.141593, 1.463830
9.051051, 5.968933, 3.141593, 1.463830
9.053988, 6.014678, 3.141593, 1.467139
9.056300, 6.067153, 3.141593, 1.462884
9.056950, 6.091651, 3.141593, 1.462411
9.068042, 6.140878, 3.141593, 1.464539
9.073064, 6.206800, 3.141593, 1.461466
9.077406, 6.245924, 3.141593, 1.461229
9.086565, 6.302980, 3.141593, 1.461466
9.094346, 6.346940, 3.141593, 1.465012
9.096696, 6.375382, 3.141593, 1.463830
9.104267, 6.437892, 3.141593, 1.461939
9.103253, 6.469628, 3.141593, 1.462175
9.107069, 6.492549, 3.141593, 1.462648
9.117533, 6.545516, 3.141593, 1.459811
9.124544, 6.584301, 3.141593, 1.459338
9.134431, 6.642739, 3.141593, 1.460047
9.141615, 6.675310, 3.141593, 1.462884
9.146721, 6.730394, 3.141593, 1.459338
9.142224, 6.755868, 3.141593, 1.457683
9.153325, 6.828860, 3.141593, 1.459102
9.148672, 6.861523, 3.141593, 1.460047
9.153544, 6.920370, 3.141593, 1.457447
9.151933, 6.940508, 3.141593, 1.457210
9.159864, 7.005537, 3.141593, 1.460520
9.164213, 7.033311, 3.141593, 1.462648
9.171563, 7.091595, 3.141593, 1.461229
9.176699, 7.114855, 3.141593, 1.460757
9.184936, 7.170564, 3.141593, 1.461939
9.176502, 7.213708, 3.141593, 1.462411
9.172789, 7.269059, 3.141593, 1.460284
9.174652, 7.317101, 3.141593, 1.463357
9.175370, 7.350683, 3.141593, 1.464539
9.181375, 7.379295, 3.141593, 1.465248
9.189763, 7.421504, 3.141593, 1.464539
9.196017, 7.456579, 3.141593, 1.464066
9.197902, 7.487868, 3.141593, 1.464066
9.202078, 7.536939, 3.141593, 1.465485
9.211373, 7.571241, 3.141593, 1.463357
9.217466, 7.635633, 3.141593, 1.464303
9.238451, 7.699427, 3.141593, 1.465957
9.241403, 7.709953, 3.141593, 1.465721
9.260071, 7.780848, 3.141593, 1.462411
9.261510, 7.804495, 3.141593, 1.462175
9.260134, 7.836522, 3.141593, 1.462175
9.268174, 7.860823, 3.141593, 1.459574
9.282016, 7.921845, 3.141593, 1.457447
9.284803, 7.960891, 3.141593, 1.458865
9.293711, 7.973277, 3.141593, 1.458865
9.306113, 8.047005, 3.141593, 1.456738
9.310401, 8.080636, 3.141593, 1.454610
9.304993, 8.094605, 3.141593, 1.455319
9.309257, 8.148399, 3.141593, 1.456265
9.312400, 8.194606, 3.141593, 1.454374
9.313307, 8.227300, 3.141593, 1.455319
9.321578, 8.256521, 3.141593, 1.455556
9.333546, 8.323154, 3.141593, 1.459338
9.333579, 8.339209, 3.141593, 1.458156
9.329510, 8.355042, 3.141593, 1.455792
9.341580, 8.425746, 3.141593, 1.456974
9.348077, 8.437438, 3.141593, 1.457447
9.353431, 8.494105, 3.141593, 1.454374
9.344683, 8.516289, 3.141593, 1.455083
9.338085, 8.583238, 3.141593, 1.455792
9.335874, 8.615983, 3.141593, 1.459338
9.332251, 8.654145, 3.141593, 1.459574
9.330528, 8.718291, 3.141593, 1.455792
9.332814, 8.727050, 3.141593, 1.456738
9.335793, 8.792279, 3.141593, 1.458156
9.335394, 8.824761, 3.141593, 1.457210
9.333835, 8.856905, 3.141593, 1.457683
9.337950, 8.926670, 3.141593, 1.460520
9.341283, 8.952132, 3.141593, 1.461702
9.346779, 9.022359, 3.141593, 1.463830
9.350868, 9.055106, 3.141593, 1.463121
9.352475, 9.115134, 3.141593, 1.463593
9.350518, 9.141089, 3.141593, 1.463357
9.355284, 9.182968, 3.141593, 1.464303
9.358697, 9.216977, 3.141593, 1.463357
9.351855, 9.258047, 3.141593, 1.462411
9.351586, 9.283684, 3.141593, 1.463357
9.359270, 9.332856, 3.141593, 1.464066
9.365617, 9.377741, 3.141593, 1.461939
9.376437, 9.428693, 3.141593, 1.461229
9.382351, 9.462573, 3.141593, 1.460757
9.385256, 9.546402, 3.141593, 1.460047
9.386136, 9.586579, 3.141593, 1.458156
9.386773, 9.614112, 3.141593, 1.457210
9.391365, 9.678500, 3.141593, 1.459102
9.392629, 9.697041, 3.141593, 1.460284
9.399337, 9.747281, 3.141593, 1.459811
9.404857, 9.787455, 3.141593, 1.459102
9.408370, 9.806232, 3.141593, 1.458629
9.419782, 9.846225, 3.141593, 1.459338
9.413865, 9.878459, 3.141593, 1.458865
9.417991, 9.942077, 3.141593, 1.457210
9.419760, 9.969729, 3.141593, 1.459102
9.417925, 10.052985, 3.141593, 1.461466
9.423892, 10.108008, 3.141593, 1.460993
9.429457, 10.164330, 3.141593, 1.459574
9.442396, 10.184517, 3.141593, 1.460520
9.452529, 10.211614, 3.141593, 1.461466
9.461984, 10.295780, 3.141593, 1.459338
9.484666, 10.369648, 3.141593, 1.460520
9.488121, 10.378368, 3.141593, 1.460757
9.485149, 10.413235, 3.141593, 1.461939
9.480072, 10.456029, 3.141593, 1.459338
9.475259, 10.466691, 3.141593, 1.458392
9.484588, 10.494014, 3.141593, 1.459811
9.491271, 10.507518, 3.141593, 1.458629
9.502369, 10.561047, 3.141593, 1.457210
9.505550, 10.580060, 3.141593, 1.458156
9.510059, 10.614873, 3.141593, 1.458392
9.519687, 10.691824, 3.141593, 1.461939
9.525562, 10.719244, 3.141593, 1.460757
9.525950, 10.733821, 3.141593, 1.458156
9.535197, 10.772822, 3.141593, 1.460993
9.528305, 10.791240, 3.141593, 1.461229
9.526051, 10.846903, 3.141593, 1.458865
9.512705, 10.871769, 3.141593, 1.459811
9.519320, 10.910491, 3.141593, 1.460993
9.517904, 10.916546, 3.141593, 1.463830
9.520358, 10.910864, 3.141593, 1.463121
9.534226, 10.958604, 3.141593, 1.458629
9.541190, 10.991073, 3.141593, 1.459574
9.537534, 11.052268, 3.141593, 1.459811
9.535663, 11.133820, 3.141593, 1.458156
9.525452, 11.188052, 3.141593, 1.457683
9.520250, 11.227130, 3.141593, 1.457683
9.521591, 11.301340, 3.141593, 1.460047
9.517163, 11.336347, 3.141593, 1.458865
9.514236, 11.375445, 3.141593, 1.458156
9.509788, 11.429053, 3.141593, 1.459102
9.512750, 11.458267, 3.141593, 1.459102
9.522644, 11.517863, 3.141593, 1.458629
9.526323, 11.557893, 3.141593, 1.459338
9.527781, 11.602879, 3.141593, 1.459102
9.535505, 11.678847, 3.141593, 1.463357
9.532968, 11.721344, 3.141593, 1.463830
9.536495, 11.767597, 3.141593, 1.464303
9.538234, 11.841226, 3.141593, 1.463357
9.541137, 11.872722, 3.141593, 1.463121
9.545205, 11.902050, 3.141593, 1.463357
9.553566, 11.966946, 3.141593, 1.461702
9.552083, 12.006697, 3.141593, 1.460993
9.557740, 12.077561, 3.141593, 1.462411
9.550643, 12.114814, 3.141593, 1.462884
9.554908, 12.162677, 3.141593, 1.461229
9.559312, 12.179277, 3.141593, 1.460047
9.572194, 12.246085, 3.141593, 1.458392
9.580673, 12.280155, 3.141593, 1.459338
9.589372, 12.348952, 3.141593, 1.458392
9.596103, 12.412504, 3.141593, 1.459811
9.605219, 12.463398, 3.141593, 1.460757
9.615950, 12.529285, 3.141593, 1.461939
9.616108, 12.546519, 3.141593, 1.462175
9.623771, 12.586660, 3.141593, 1.460993
9.635400, 12.653376, 3.141593, 1.460993
9.635945, 12.689311, 3.141593, 1.459102
9.628912, 12.738212, 3.141593, 1.459811
9.623998, 12.792133, 3.141593, 1.460993
9.617129, 12.794848, 3.141593, 1.461702
9.620998, 12.843655, 3.141593, 1.461466
9.622846, 12.854286, 3.141593, 1.459574
9.634879, 12.918402, 3.141593, 1.459338
9.655899, 12.969163, 3.141593, 1.459338
9.659342, 12.994587, 3.141593, 1.455792
9.658136, 13.026280, 3.141593, 1.456974
9.653112, 13.038512, 3.141593, 1.457210
9.651066, 13.071887, 3.141593, 1.459102
9.654999, 13.092379, 3.141593, 1.459338
9.655884, 13.140110, 3.141593, 1.455319
9.652609, 13.157386, 3.141593, 1.455792
9.655358, 13.192831, 3.141593, 1.457920
9.659101, 13.218515, 3.141593, 1.456265
9.661781, 13.226174, 3.141593, 1.456501
9.658507, 13.230982, 3.141593, 1.457210
9.659803, 13.283682, 3.141593, 1.458865
9.656230, 13.297012, 3.141593, 1.461466
9.650018, 13.336668, 3.141593, 1.459811
9.653458, 13.356970, 3.141593, 1.457920
9.653126, 13.378147, 3.141593, 1.458865
9.661717, 13.436049, 3.141593, 1.456738
9.669024, 13.454612, 3.141593, 1.454846
9.676304, 13.503092, 3.141593, 1.455083
9.677958, 13.528331, 3.141593, 1.456028
9.692446, 13.554051, 3.141593, 1.457210
9.700960, 13.627077, 3.141593, 1.456265
9.698792, 13.688966, 3.141593, 1.455792
9.681670, 13.756854, 3.141593, 1.455556
9.697175, 13.814751, 3.141593, 1.455319
9.698631, 13.846595, 3.141593, 1.456265
9.716027, 13.910640, 3.141593, 1.456501
9.722763, 13.951455, 3.141593, 1.456738
9.720381, 14.002643, 3.141593, 1.458629
9.718493, 14.067665, 3.141593, 1.459338
9.712638, 14.110469, 3.141593, 1.458865
9.702557, 14.150841, 3.141593, 1.458156
9.695688, 14.214578, 3.141593, 1.455792
9.707964, 14.282987, 3.141593, 1.455556
9.705328, 14.301245, 3.141593, 1.455319
9.710887, 14.324246, 3.141593, 1.454374
9.711659, 14.375021, 3.141593, 1.455319
9.715072, 14.399927, 3.141593, 1.455792
9.709343, 14.417480, 3.141593, 1.454137
9.709142, 14.480706, 3.141593, 1.453428
9.702324, 14.520563, 3.141593, 1.452955
9.698296, 14.538819, 3.141593, 1.454374
9.697561, 14.577838, 3.141593, 1.454137
9.691632, 14.591993, 3.141593, 1.453901
9.681944, 14.602470, 3.141593, 1.455792
9.682790, 14.650885, 3.141593, 1.459102
9.682222, 14.685847, 3.141593, 1.460284
9.696195, 14.710213, 3.141593, 1.459338
9.700675, 14.721586, 3.141593, 1.460284
9.714225, 14.779187, 3.141593, 1.461229
9.720192, 14.803124, 3.141593, 1.460047
9.724991, 14.830915, 3.141593, 1.461702
9.735027, 14.895323, 3.141593, 1.462648
9.754031, 14.956511, 3.141593, 1.465012
9.759915, 15.024472, 3.141593, 1.462411
9.755359, 15.036136, 3.141593, 1.461702
9.761724, 15.104868, 3.141593, 1.462411
9.768437, 15.147945, 3.141593, 1.460993
9.771072, 15.198050, 3.141593, 1.460284
9.778155, 15.267619, 3.141593, 1.460284
9.783936, 15.302047, 3.141593, 1.460284
9.781117, 15.333031, 3.141593, 1.461939
9.780145, 15.394351, 3.141593, 1.459811
9.779076, 15.420482, 3.141593, 1.456974
9.789660, 15.477336, 3.141593, 1.457920
9.793533, 15.517999, 3.141593, 1.457920
9.796117, 15.572329, 3.141593, 1.456501
9.810329, 15.629777, 3.141593, 1.456738
9.819567, 15.670205, 3.141593, 1.457447
9.819219, 15.699556, 3.141593, 1.459338
9.822550, 15.748276, 3.141593, 1.457447
9.814020, 15.788487, 3.141593, 1.455792
9.815968, 15.821927, 3.141593, 1.456738
9.813473, 15.884139, 3.141593, 1.456974
9.819006, 15.918512, 3.141593, 1.455556
9.815270, 15.937758, 3.141593, 1.456265
9.830158, 16.014411, 3.141593, 1.456501
9.832973, 16.051607, 3.141593, 1.457683
9.842771, 16.098200, 3.141593, 1.456265
9.848203, 16.121633, 3.141593, 1.455556
9.856323, 16.173253, 3.141593, 1.455083
9.859761, 16.192937, 3.141593, 1.454846
9.873859, 16.245442, 3.141593, 1.455083
9.878589, 16.282922, 3.141593, 1.454137
9.881856, 16.340421, 3.141593, 1.455083
9.890898, 16.373290, 3.141593, 1.456265
9.894871, 16.430293, 3.141593, 1.456501
9.896828, 16.471179, 3.141593, 1.456265
9.897216, 16.485799, 3.141593, 1.456028
9.897432, 16.548315, 3.141593, 1.454846
9.897394, 16.576007, 3.141593, 1.455792
9.902400, 16.617923, 3.141593, 1.455083
9.908019, 16.646184, 3.141593, 1.454374
9.917791, 16.699021, 3.141593, 1.456974
9.924630, 16.733850, 3.141593, 1.457920
9.928183, 16.769492, 3.141593, 1.457447
9.934959, 16.793606, 3.141593, 1.457210
9.937681, 16.846823, 3.141593, 1.456028
9.942380, 16.873431, 3.141593, 1.455319
9.948816, 16.885172, 3.141593, 1.456265
9.958730, 16.913811, 3.141593, 1.454374
9.974800, 16.978200, 3.141593, 1.454137
9.979432, 17.005128, 3.141593, 1.454610
9.972102, 17.029928, 3.141593, 1.455556
9.964819, 17.058770, 3.141593, 1.456738
9.964946, 17.126504, 3.141593, 1.453428
9.967339, 17.159748, 3.141593, 1.451773
9.972871, 17.208161, 3.141593, 1.452246
9.985490, 17.271669, 3.141593, 1.451773
9.990223, 17.315321, 3.141593, 1.450118
9.995152, 17.343870, 3.141593, 1.450827
10.005515, 17.406776, 3.141593, 1.450355
10.018207, 17.446083, 3.141593, 1.451773
10.031247, 17.508670, 3.141593, 1.449882
10.035920, 17.541624, 3.141593, 1.447281
10.049473, 17.584089, 3.141593, 1.447281
10.056239, 17.628433, 3.141593, 1.447518
10.060776, 17.644301, 3.141593, 1.445154
10.066794, 17.666690, 3.141593, 1.444917
10.072850, 17.726235, 3.141593, 1.446336
10.072986, 17.773655, 3.141593, 1.450591
10.078767, 17.802461, 3.141593, 1.450118
10.084216, 17.839392, 3.141593, 1.448463
10.087628, 17.872612, 3.141593, 1.449882
10.090196, 17.897044, 3.141593, 1.450827
10.091214, 17.924203, 3.141593, 1.452482
10.090488, 17.945834, 3.141593, 1.452955
10.095704, 17.971218, 3.141593, 1.453901
10.094592, 18.023048, 3.141593, 1.456028
10.093473, 18.058538, 3.141593, 1.457683
10.090854, 18.080549, 3.141593, 1.459102
10.082426, 18.104200, 3.141593, 1.459574
10.083837, 18.149401, 3.141593, 1.458392
10.084593, 18.163225, 3.141593, 1.458156
10.086960, 18.207992, 3.141593, 1.459811
10.096581, 18.240519, 3.141593, 1.457683
10.099911, 18.265328, 3.141593, 1.456974
10.109003, 18.295087, 3.141593, 1.457447
10.119491, 18.340167, 3.141593, 1.459338
10.124260, 18.359879, 3.141593, 1.458392
10.133676, 18.408733, 3.141593, 1.456974
10.139010, 18.434604, 3.141593, 1.456265
10.140196, 18.455794, 3.141593, 1.455083
10.143864, 18.475221, 3.141593, 1.456265
10.161018, 18.542987, 3.141593, 1.454610
10.169735, 18.583666, 3.141593, 1.454137
10.183024, 18.643133, 3.141593, 1.455556
10.196977, 18.678158, 3.141593, 1.457210
10.204641, 18.734713, 3.141593, 1.456738
10.206654, 18.791327, 3.141593, 1.455083
10.209332, 18.837420, 3.141593, 1.454846
10.211662, 18.883930, 3.141593, 1.455792
10.224509, 18.951034, 3.141593, 1.454374
10.227832, 18.985349, 3.141593, 1.454846
10.237175, 19.018618, 3.141593, 1.455792
10.243436, 19.059581, 3.141593, 1.457210
10.256810, 19.111891, 3.141593, 1.459102
10.266814, 19.132298, 3.141593, 1.456738
10.270513, 19.155663, 3.141593, 1.455083
10.282446, 19.190460, 3.141593, 1.456738
10.283719, 19.217832, 3.141593, 1.457210
10.280662, 19.248471, 3.141593, 1.455083
10.273080, 19.263799, 3.141593, 1.455792
10.287780, 19.321870, 3.141593, 1.455319
10.296224, 19.337403, 3.141593, 1.457210
10.309972, 19.394017, 3.141593, 1.456265
10.310575, 19.416653, 3.141593, 1.452955
10.315223, 19.435241, 3.141593, 1.452955
10.326972, 19.456407, 3.141593, 1.453901
10.345376, 19.496101, 3.141593, 1.454610
10.360799, 19.532123, 3.141593, 1.452955
10.365490, 19.563902, 3.141593, 1.452246
10.368629, 19.613657, 3.141593, 1.452719
10.373419, 19.650929, 3.141593, 1.452719
10.373784, 19.674831, 3.141593, 1.455556
10.380140, 19.699749, 3.141593, 1.454610
10.381142, 19.728906, 3.141593, 1.453428
10.381872, 19.749345, 3.141593, 1.452009
10.383793, 19.784237, 3.141593, 1.452955
10.379915, 19.826418, 3.141593, 1.452955
10.384768, 19.886464, 3.141593, 1.453428
10.383244, 19.908432, 3.141593, 1.453428
10.383127, 19.934452, 3.141593, 1.452955
10.391518, 19.961372, 3.141593, 1.454137
10.400618, 19.986493, 3.141593, 1.455083
10.415504, 20.045834, 3.141593, 1.456028
10.434855, 20.090673, 3.141593, 1.454846
10.435558, 20.124660, 3.141593, 1.453901
10.442880, 20.156123, 3.141593, 1.453664
10.444881, 20.197921, 3.141593, 1.453428
10.444702, 20.241829, 3.141593, 1.454374
10.448974, 20.277191, 3.141593, 1.453191
10.453309, 20.313162, 3.141593, 1.452009
10.456829, 20.338701, 3.141593, 1.452246
10.466304, 20.386264, 3.141593, 1.454610
10.474599, 20.402411, 3.141593, 1.455556
10.479547, 20.423419, 3.141593, 1.456265
10.485022, 20.450778, 3.141593, 1.455556
10.489005, 20.511489, 3.141593, 1.453428
10.496490, 20.545657, 3.141593, 1.454374
10.503854, 20.592458, 3.141593, 1.454137
10.514573, 20.619105, 3.141593, 1.453428
10.512676, 20.652288, 3.141593, 1.454846
10.524491, 20.703242, 3.141593, 1.455792
10.530911, 20.726503, 3.141593, 1.456028
10.524833, 20.765591, 3.141593, 1.456738
10.529409, 20.796922, 3.141593, 1.455319
10.534237, 20.841801, 3.141593, 1.454374
10.542623, 20.899806, 3.141593, 1.454846
10.551548, 20.924480, 3.141593, 1.453901
10.560518, 20.946229, 3.141593, 1.452955
10.567074, 20.971752, 3.141593, 1.452955
10.581938, 21.029693, 3.141593, 1.453664
10.578727, 21.044664, 3.141593, 1.454846
10.592942, 21.093153, 3.141593, 1.450591
10.579510, 21.116516, 3.141593, 1.447991
10.576665, 21.153271, 3.141593, 1.447281
10.584225, 21.208397, 3.141593, 1.446572
10.591693, 21.227135, 3.141593, 1.446336
10.591039, 21.279567, 3.141593, 1.445863
10.600323, 21.326305, 3.141593, 1.444444
10.610042, 21.349347, 3.141593, 1.447518
10.599361, 21.376468, 3.141593, 1.449409
10.602211, 21.394018, 3.141593, 1.448700
10.607058, 21.423922, 3.141593, 1.447754
10.588056, 21.466576, 3.141593, 1.448936
10.579221, 21.477062, 3.141593, 1.448700
10.564373, 21.495442, 3.141593, 1.447991
10.561812, 21.536009, 3.141593, 1.450591
10.555349, 21.574313, 3.141593, 1.450591
10.553665, 21.620717, 3.141593, 1.450827
10.554569, 21.651127, 3.141593, 1.451537
10.555515, 21.684300, 3.141593, 1.450355
10.555912, 21.723774, 3.141593, 1.455556
10.542517, 21.766865, 3.141593, 1.456738
10.505537, 21.815701, 3.141593, 1.452009
10.485443, 21.832467, 3.141593, 1.452955
10.461073, 21.867643, 3.141593, 1.455083
10.450609, 21.886139, 3.141593, 1.456974
10.431305, 21.935512, 3.141593, 1.453191
10.410177, 21.970210, 3.141593, 1.454374
10.405550, 22.001377, 3.141593, 1.455792
10.371079, 22.039823, 3.141593, 1.456974
10.360860, 22.080889, 3.141593, 1.456501
10.319287, 22.123019, 3.141593, 1.454374
10.274186, 22.183247, 3.141593, 1.456501
10.257691, 22.205954, 3.141593, 1.453901
10.234678, 22.229825, 3.141593, 1.452719
10.206305, 22.268526, 3.141593, 1.452246
10.168784, 22.292678, 3.141593, 1.452009
10.151513, 22.311250, 3.141593, 1.454374
10.092405, 22.344019, 3.141593, 1.452719
10.061511, 22.371197, 3.141593, 1.447754
10.013892, 22.383861, 3.141593, 1.447045
9.977109, 22.410544, 3.141593, 1.448463
9.929215, 22.422368, 3.141593, 1.445154
9.886469, 22.447918, 3.141593, 1.446809
9.832706, 22.464447, 3.141593, 1.451537
9.814852, 22.470896, 3.141593, 1.451064
9.776204, 22.494791, 3.141593, 1.444681
9.732134, 22.501692, 3.141593, 1.444444
9.676095, 22.522131, 3.141593, 1.449409
9.582418, 22.532590, 3.141593, 1.448936
9.474632, 22.540410, 3.141593, 1.450118
9.444155, 22.552631, 3.141593, 1.453191
9.401471, 22.567705, 3.141593, 1.451064
9.389031, 22.573230, 3.141593, 1.449409
9.337349, 22.583647, 3.141593, 1.450118
9.285165, 22.578229, 3.141593, 1.452482
9.248894, 22.587061, 3.141593, 1.457683
9.211359, 22.583730, 3.141593, 1.456974
9.175207, 22.591985, 3.141593, 1.459338
9.141380, 22.588755, 3.141593, 1.460520
9.081511, 22.595236, 3.141593, 1.458865
9.042010, 22.598013, 3.141593, 1.456738
8.988381, 22.610765, 3.141593, 1.453901
8.899924, 22.642052, 3.141593, 1.454846
8.801765, 22.660061, 3.141593, 1.454374
8.755941, 22.665339, 3.141593, 1.454137
8.712244, 22.673465, 3.141593, 1.454137
8.693900, 22.676466, 3.141593, 1.453664
8.673215, 22.677670, 3.141593, 1.452719
8.661801, 22.682270, 3.141593, 1.452719
8.626426, 22.696190, 3.141593, 1.450355
8.578156, 22.716535, 3.141593, 1.452246
8.534549, 22.731635, 3.141593, 1.454374
8.496097, 22.745203, 3.141593, 1.453901
8.475607, 22.750807, 3.141593, 1.455319
8.459419, 22.758467, 3.141593, 1.456738
8.372336, 22.761053, 3.141593, 1.456028
8.326546, 22.760795, 3.141593, 1.456738
8.272210, 22.778138, 3.141593, 1.456501
8.212641, 22.796895, 3.141593, 1.453428
8.185050, 22.805336, 3.141593, 1.455792
8.143682, 22.819937, 3.141593, 1.456265
8.140632, 22.825461, 3.141593, 1.455556
8.131772, 22.828516, 3.141593, 1.457447
8.061120, 22.823747, 3.141593, 1.457210
7.984946, 22.832903, 3.141593, 1.455556
7.938927, 22.844921, 3.141593, 1.456265
7.916181, 22.855265, 3.141593, 1.454610
7.885942, 22.866357, 3.141593, 1.454610
7.835539, 22.856345, 3.141593, 1.456974
7.791210, 22.851615, 3.141593, 1.458629
7.767356, 22.852945, 3.141593, 1.460047
7.713096, 22.852625, 3.141593, 1.460284
7.685638, 22.857170, 3.141593, 1.462175
7.649750, 22.862186, 3.141593, 1.461939
7.579420, 22.869582, 3.141593, 1.460757
7.529331, 22.875493, 3.141593, 1.461229
7.510663, 22.875665, 3.141593, 1.463121
7.484050, 22.877152, 3.141593, 1.464066
7.475103, 22.876693, 3.141593, 1.464303
7.389878, 22.893024, 3.141593, 1.463357
7.325169, 22.915932, 3.141593, 1.463830
7.290162, 22.922433, 3.141593, 1.462411
7.241540, 22.919090, 3.141593, 1.460520
7.184739, 22.924979, 3.141593, 1.462884
7.163160, 22.925060, 3.141593, 1.464303
7.117852, 22.933041, 3.141593, 1.464303
7.086846, 22.934400, 3.141593, 1.463121
7.033623, 22.943780, 3.141593, 1.464775
7.013202, 22.947948, 3.141593, 1.465248
6.945561, 22.950148, 3.141593, 1.464775
6.907565, 22.950363, 3.141593, 1.464066
6.877457, 22.946712, 3.141593, 1.466667
6.823416, 22.945813, 3.141593, 1.468322
6.798568, 22.944157, 3.141593, 1.468085
6.768828, 22.940144, 3.141593, 1.468794
6.719379, 22.941809, 3.141593, 1.469031
6.681913, 22.944972, 3.141593, 1.467849
6.635807, 22.946605, 3.141593, 1.467376
6.589056, 22.951670, 3.141593, 1.466430
6.551267, 22.950232, 3.141593, 1.466667
6.502928, 22.958485, 3.141593, 1.470686
6.470436, 22.963986, 3.141593, 1.470922
6.447435, 22.963890, 3.141593, 1.471631
6.410903, 22.966371, 3.141593, 1.471868
6.379401, 22.970186, 3.141593, 1.472577
6.319782, 22.972285, 3.141593, 1.473522
6.285758, 22.972991, 3.141593, 1.470922
6.235115, 22.973859, 3.141593, 1.471631
6.210443, 22.968306, 3.141593, 1.473522
6.162588, 22.969582, 3.141593, 1.471868
6.153349, 22.978939, 3.141593, 1.471631
6.139784, 22.982078, 3.141593, 1.471395
6.097814, 22.986862, 3.141593, 1.468794
6.047077, 22.992660, 3.141593, 1.468558
6.007976, 22.997594, 3.141593, 1.467376
5.959700, 22.995399, 3.141593, 1.464066
5.921035, 23.001548, 3.141593, 1.467139
5.887117, 23.008664, 3.141593, 1.468322
5.843588, 23.026126, 3.141593, 1.464775
5.814669, 23.034374, 3.141593, 1.463357
5.800792, 23.043212, 3.141593, 1.463593
5.745878, 23.053226, 3.141593, 1.462175
5.704750, 23.055733, 3.141593, 1.459574
5.664245, 23.047275, 3.141593, 1.458156
5.620478, 23.044927, 3.141593, 1.461466
5.578020, 23.050991, 3.141593, 1.460284
5.553782, 23.041722, 3.141593, 1.458865
5.529844, 23.032847, 3.141593, 1.458392
5.440598, 23.057501, 3.141593, 1.458865
5.402239, 23.064069, 3.141593, 1.458629
5.355657, 23.077014, 3.141593, 1.455556
5.341734, 23.078898, 3.141593, 1.457683
5.256762, 23.101231, 3.141593, 1.458392
5.241257, 23.110211, 3.141593, 1.459338
5.190371, 23.112945, 3.141593, 1.459102
5.159996, 23.113741, 3.141593, 1.459811
5.077235, 23.129412, 3.141593, 1.458629
5.055253, 23.136294, 3.141593, 1.456738
5.004972, 23.138614, 3.141593, 1.460520
4.966003, 23.135021, 3.141593, 1.460284
4.915066, 23.151481, 3.141593, 1.459574
4.888120, 23.154516, 3.141593, 1.459338
4.831069, 23.161096, 3.141593, 1.458156
4.813164, 23.163288, 3.141593, 1.458156
4.732828, 23.193968, 3.141593, 1.453191
4.684229, 23.204441, 3.141593, 1.453191
4.664292, 23.211040, 3.141593, 1.454137
4.600668, 23.212420, 3.141593, 1.456501
4.567637, 23.221273, 3.141593, 1.456974
4.533366, 23.232435, 3.141593, 1.456501
4.478267, 23.235139, 3.141593, 1.455792
4.371382, 23.255256, 3.141593, 1.457210
4.305804, 23.261085, 3.141593, 1.454610
4.273512, 23.258938, 3.141593, 1.455556
4.225352, 23.263015, 3.141593, 1.458629
4.147933, 23.275840, 3.141593, 1.458156
4.053333, 23.291410, 3.141593, 1.459102
4.004612, 23.296972, 3.141593, 1.458629
3.952086, 23.298525, 3.141593, 1.459102
3.925635, 23.299390, 3.141593, 1.458865
3.917658, 23.298642, 3.141593, 1.458629
3.895855, 23.299387, 3.141593, 1.456265
3.809944, 23.318364, 3.141593, 1.458865
3.770461, 23.329042, 3.141593, 1.460520
3.759657, 23.337756, 3.141593, 1.459574
3.749049, 23.340896, 3.141593, 1.459338
3.661134, 23.348288, 3.141593, 1.460993
3.634295, 23.352536, 3.141593, 1.460993
3.588708, 23.360191, 3.141593, 1.461229
3.580637, 23.362178, 3.141593, 1.460047
3.574861, 23.368449, 3.141593, 1.458629
3.510062, 23.378149, 3.141593, 1.458392
3.455812, 23.394162, 3.141593, 1.463121
3.433646, 23.400010, 3.141593, 1.461939
3.398518, 23.402497, 3.141593, 1.463121
3.336685, 23.419219, 3.141593, 1.462884
3.300489, 23.427905, 3.141593, 1.462884
3.300304, 23.436686, 3.141593, 1.462411
3.229185, 23.459971, 3.141593, 1.460284
3.177223, 23.480522, 3.141593, 1.461466
3.116846, 23.497628, 3.141593, 1.464539
3.099417, 23.507164, 3.141593, 1.465248
3.087141, 23.510029, 3.141593, 1.466194
3.061807, 23.514582, 3.141593, 1.467376
3.025407, 23.520156, 3.141593, 1.468085
2.986651, 23.528177, 3.141593, 1.469267
2.966112, 23.528489, 3.141593, 1.466903
2.954878, 23.539565, 3.141593, 1.467612
2.882322, 23.561476, 3.141593, 1.469976
2.848722, 23.561841, 3.141593, 1.470213
2.814700, 23.568173, 3.141593, 1.471158
2.772374, 23.572031, 3.141593, 1.469740
2.716510, 23.582201, 3.141593, 1.468322
2.682882, 23.579810, 3.141593, 1.469976
2.649866, 23.576093, 3.141593, 1.466667
2.635981, 23.573557, 3.141593, 1.463357
2.612451, 23.568865, 3.141593, 1.463357
2.569503, 23.567833, 3.141593, 1.465485
2.522125, 23.566039, 3.141593, 1.466430
2.476089, 23.551523, 3.141593, 1.461939
2.464816, 23.538822, 3.141593, 1.460284
2.417648, 23.525583, 3.141593, 1.460993
2.397512, 23.503454, 3.141593, 1.459811
2.351605, 23.478285, 3.141593, 1.457683
2.316328, 23.462727, 3.141593, 1.456265
2.280211, 23.450001, 3.141593, 1.457447
2.185384, 23.432773, 3.141593, 1.457683
2.150615, 23.418458, 3.141593, 1.456738
2.091223, 23.389268, 3.141593, 1.454846
2.049535, 23.370476, 3.141593, 1.453664
2.020294, 23.350537, 3.141593, 1.453901
1.988639, 23.316890, 3.141593, 1.452955
1.953847, 23.288147, 3.141593, 1.447991
1.918655, 23.253153, 3.141593, 1.449409
1.889113, 23.236956, 3.141593, 1.452009
1.851731, 23.187099, 3.141593, 1.446336
1.807742, 23.170694, 3.141593, 1.447045
1.799291, 23.143300, 3.141593, 1.450355
1.765100, 23.102739, 3.141593, 1.451537
1.742859, 23.055465, 3.141593, 1.447518
1.732449, 23.019546, 3.141593, 1.446099
1.720647, 22.986144, 3.141593, 1.447754
1.700991, 22.936930, 3.141593, 1.446809
1.687761, 22.899318, 3.141593, 1.447045
1.684287, 22.872544, 3.141593, 1.449645
1.689238, 22.831772, 3.141593, 1.449409
1.685809, 22.755181, 3.141593, 1.453664
1.656009, 22.658129, 3.141593, 1.450118
1.643872, 22.588826, 3.141593, 1.451300
1.637701, 22.538892, 3.141593, 1.454137
1.644588, 22.499863, 3.141593, 1.454374
1.620065, 22.445192, 3.141593, 1.455556
1.624642, 22.428147, 3.141593, 1.458865
1.624268, 22.359515, 3.141593, 1.462175
1.629326, 22.318903, 3.141593, 1.461466
1.625806, 22.281963, 3.141593, 1.460757
1.625393, 22.254447, 3.141593, 1.462884
1.622541, 22.177756, 3.141593, 1.464775
1.612108, 22.119432, 3.141593, 1.462175
1.590741, 22.082758, 3.141593, 1.463357
1.592999, 22.019751, 3.141593, 1.465721
1.603563, 21.973740, 3.141593, 1.466667
1.615094, 21.904587, 3.141593, 1.464539
1.618742, 21.873213, 3.141593, 1.465957
1.618714, 21.809949, 3.141593, 1.469267
1.623583, 21.749339, 3.141593, 1.466194
1.663783, 21.720018, 3.141593, 1.467376
1.674861, 21.706520, 3.141593, 1.468558
1.659852, 21.634152, 3.141593, 1.470213
1.640965, 21.597143, 3.141593, 1.469740
1.640084, 21.535652, 3.141593, 1.468794
1.636886, 21.468710, 3.141593, 1.473286
1.639252, 21.442326, 3.141593, 1.473286
1.638742, 21.381422, 3.141593, 1.472577
1.635898, 21.352049, 3.141593, 1.473759
1.634251, 21.287391, 3.141593, 1.476359
1.626759, 21.221223, 3.141593, 1.477305
1.626374, 21.191168, 3.141593, 1.477305
1.618368, 21.131005, 3.141593, 1.480378
1.611210, 21.101895, 3.141593, 1.480851
1.606993, 21.043737, 3.141593, 1.477541
1.602766, 21.012265, 3.141593, 1.478723
1.604719, 20.988233, 3.141593, 1.479196
1.604525, 20.933251, 3.141593, 1.479669
1.605307, 20.910731, 3.141593, 1.479905
1.596776, 20.848951, 3.141593, 1.478487
1.592974, 20.830291, 3.141593, 1.478960
1.590502, 20.765273, 3.141593, 1.479669
1.576865, 20.682823, 3.141593, 1.475650
1.570288, 20.637321, 3.141593, 1.477069
1.566826, 20.562549, 3.141593, 1.476832
1.570765, 20.525850, 3.141593, 1.476359
1.567311, 20.461403, 3.141593, 1.473522
1.563346, 20.418063, 3.141593, 1.474704
1.560826, 20.368077, 3.141593, 1.476359
1.559857, 20.331905, 3.141593, 1.473995
1.546952, 20.264012, 3.141593, 1.472577
1.542237, 20.226603, 3.141593, 1.473522
1.533851, 20.175737, 3.141593, 1.475887
1.524893, 20.154134, 3.141593, 1.475650
1.517189, 20.092313, 3.141593, 1.474941
1.516457, 20.058288, 3.141593, 1.477305
1.507438, 20.037051, 3.141593, 1.478723
1.495539, 19.969739, 3.141593, 1.476123
1.487587, 19.931997, 3.141593, 1.475887
1.481450, 19.882322, 3.141593, 1.475887
1.476686, 19.847800, 3.141593, 1.476832
1.472321, 19.795761, 3.141593, 1.476832
1.467322, 19.769519, 3.141593, 1.475177
1.466052, 19.729904, 3.141593, 1.478014
1.481828, 19.680104, 3.141593, 1.475177
1.486691, 19.648959, 3.141593, 1.473995
1.488470, 19.594403, 3.141593, 1.475414
1.489210, 19.557432, 3.141593, 1.474941
1.485211, 19.499837, 3.141593, 1.475887
1.476686, 19.430384, 3.141593, 1.473050
1.475980, 19.410753, 3.141593, 1.474941
1.466822, 19.341582, 3.141593, 1.477069
1.460155, 19.281541, 3.141593, 1.473759
1.452085, 19.225860, 3.141593, 1.474941
1.454677, 19.206100, 3.141593, 1.475177
1.447714, 19.153247, 3.141593, 1.474941
1.441394, 19.113131, 3.141593, 1.474468
1.432005, 19.040384, 3.141593, 1.476832
1.429014, 18.997397, 3.141593, 1.477305
1.423388, 18.973328, 3.141593, 1.475650
1.415138, 18.902392, 3.141593, 1.473286
1.403727, 18.842176, 3.141593, 1.473050
1.387578, 18.790874, 3.141593, 1.473522
1.367909, 18.666230, 3.141593, 1.474232
1.356096, 18.554808, 3.141593, 1.472813
1.345864, 18.470537, 3.141593, 1.473759
1.346120, 18.432215, 3.141593, 1.476359
1.342491, 18.409976, 3.141593, 1.475650
1.340763, 18.398999, 3.141593, 1.472340
1.341555, 18.391626, 3.141593, 1.473759
1.342104, 18.385817, 3.141593, 1.474232
1.338400, 18.399130, 3.141593, 1.475650
1.342379, 18.374444, 3.141593, 1.474468
1.332637, 18.361765, 3.141593, 1.474468
1.301297, 18.327445, 3.141593, 1.474941
1.264256, 18.197861, 3.141593, 1.475887
1.264031, 18.101352, 3.141593, 1.472577
1.269510, 18.067563, 3.141593, 1.471868
1.262589, 18.015126, 3.141593, 1.471631
1.257854, 17.987078, 3.141593, 1.472340
1.250996, 17.960107, 3.141593, 1.471395
1.245392, 17.933066, 3.141593, 1.468558
1.229820, 17.880185, 3.141593, 1.469031
1.217169, 17.865538, 3.141593, 1.470213
1.203527, 17.803567, 3.141593, 1.468322
1.204275, 17.778941, 3.141593, 1.467849
1.200018, 17.725766, 3.141593, 1.469031
1.196349, 17.705335, 3.141593, 1.470922
1.193205, 17.688165, 3.141593, 1.472577
1.186783, 17.626309, 3.141593, 1.470686
1.179165, 17.590750, 3.141593, 1.472577
1.166266, 17.549669, 3.141593, 1.475887
1.169805, 17.521597, 3.141593, 1.475177
1.157552, 17.474931, 3.141593, 1.472340
1.151728, 17.460536, 3.141593, 1.472104
1.148201, 17.406346, 3.141593, 1.473050
1.139089, 17.384605, 3.141593, 1.472340
1.131648, 17.331801, 3.141593, 1.468794
1.124884, 17.295703, 3.141593, 1.470449
1.125920, 17.283628, 3.141593, 1.471631
1.115857, 17.232535, 3.141593, 1.470449
1.108248, 17.202121, 3.141593, 1.469740
1.094027, 17.170865, 3.141593, 1.469504
1.079359, 17.136214, 3.141593, 1.470213
1.071202, 17.123460, 3.141593, 1.471158
1.062987, 17.073593, 3.141593, 1.468558
1.060461, 17.051992, 3.141593, 1.467849
1.056541, 17.010128, 3.141593, 1.470449
1.051204, 16.980409, 3.141593, 1.470922
1.046869, 16.949729, 3.141593, 1.467849
1.035342, 16.918387, 3.141593, 1.467376
1.025556, 16.881228, 3.141593, 1.468322
1.019976, 16.851121, 3.141593, 1.469267
1.013976, 16.794935, 3.141593, 1.468322
1.011138, 16.777222, 3.141593, 1.469031
0.999909, 16.723061, 3.141593, 1.471395
1.000466, 16.699417, 3.141593, 1.472340
0.996074, 16.669068, 3.141593, 1.473050
0.993920, 16.648128, 3.141593, 1.470686
0.969768, 16.599386, 3.141593, 1.470213
0.949250, 16.554995, 3.141593, 1.471868
0.934701, 16.530327, 3.141593, 1.472340
0.927015, 16.479359, 3.141593, 1.469740
0.911773, 16.443597, 3.141593, 1.470213
0.901003, 16.405747, 3.141593, 1.471158
0.881348, 16.322023, 3.141593, 1.472104
0.881533, 16.300963, 3.141593, 1.470449
0.877698, 16.235988, 3.141593, 1.467376
0.879235, 16.204882, 3.141593, 1.469031
0.877801, 16.148999, 3.141593, 1.470449
0.883077, 16.120249, 3.141593, 1.469267
0.892210, 16.088705, 3.141593, 1.469976
0.899442, 16.031456, 3.141593, 1.470686
0.909654, 15.992046, 3.141593, 1.472577
0.917425, 15.931344, 3.141593, 1.470922
0.906490, 15.853335, 3.141593, 1.470686
0.906236, 15.822831, 3.141593, 1.472813
0.897576, 15.765661, 3.141593, 1.472813
0.895269, 15.756932, 3.141593, 1.471631
0.882666, 15.710744, 3.141593, 1.470213
0.882126, 15.690382, 3.141593, 1.470213
0.879946, 15.651163, 3.141593, 1.470686
0.873665, 15.601730, 3.141593, 1.465957
0.878667, 15.548534, 3.141593, 1.465248
0.875983, 15.491605, 3.141593, 1.466194
0.882657, 15.460486, 3.141593, 1.465485
0.869772, 15.396867, 3.141593, 1.464775
0.865063, 15.369356, 3.141593, 1.465012
0.860299, 15.295304, 3.141593, 1.467139
0.857963, 15.248528, 3.141593, 1.467612
0.853443, 15.180727, 3.141593, 1.464775
0.857718, 15.149544, 3.141593, 1.466194
0.852614, 15.107289, 3.141593, 1.467376
0.845375, 15.054931, 3.141593, 1.469504
0.843681, 15.037695, 3.141593, 1.470922
0.844113, 15.023879, 3.141593, 1.471631
0.830766, 14.975724, 3.141593, 1.472104
0.830652, 14.941464, 3.141593, 1.475414
0.827329, 14.895362, 3.141593, 1.471395
0.827878, 14.853838, 3.141593, 1.471631
0.820816, 14.814920, 3.141593, 1.472340
0.815825, 14.800565, 3.141593, 1.471868
0.813780, 14.731164, 3.141593, 1.472104
0.809959, 14.690155, 3.141593, 1.471158
0.797245, 14.641971, 3.141593, 1.470922
0.797617, 14.598295, 3.141593, 1.473050
0.781729, 14.541993, 3.141593, 1.466903
0.776641, 14.535370, 3.141593, 1.467849
0.758751, 14.493720, 3.141593, 1.470449
0.756128, 14.457856, 3.141593, 1.469976
0.750956, 14.394650, 3.141593, 1.471158
0.749391, 14.327683, 3.141593, 1.470213
0.748261, 14.288567, 3.141593, 1.473050
0.747641, 14.253466, 3.141593, 1.473522
0.737527, 14.177086, 3.141593, 1.468794
0.732847, 14.151015, 3.141593, 1.471395
0.721593, 14.100949, 3.141593, 1.471395
0.725345, 14.063411, 3.141593, 1.470213
0.714762, 14.006276, 3.141593, 1.469031
0.715229, 13.976208, 3.141593, 1.468322
0.714478, 13.912984, 3.141593, 1.469976
0.702718, 13.837742, 3.141593, 1.463121
0.697366, 13.804313, 3.141593, 1.461702
0.688818, 13.775257, 3.141593, 1.463121
0.688897, 13.725875, 3.141593, 1.463121
0.691085, 13.693138, 3.141593, 1.462175
0.696285, 13.659516, 3.141593, 1.462411
0.692361, 13.596974, 3.141593, 1.461702
0.688504, 13.578500, 3.141593, 1.463121
0.680109, 13.548081, 3.141593, 1.464539
0.669602, 13.501347, 3.141593, 1.459574
0.666138, 13.487158, 3.141593, 1.460757
0.659164, 13.423271, 3.141593, 1.461939
0.646277, 13.393863, 3.141593, 1.463121
0.638646, 13.343633, 3.141593, 1.462175
0.639604, 13.321108, 3.141593, 1.461229
0.633238, 13.280684, 3.141593, 1.464775
0.631220, 13.224274, 3.141593, 1.461466
0.631382, 13.207802, 3.141593, 1.461466
0.620989, 13.154647, 3.141593, 1.462884
0.616266, 13.141363, 3.141593, 1.464775
0.618144, 13.119529, 3.141593, 1.466194
0.607235, 13.054980, 3.141593, 1.465721
0.606325, 13.036086, 3.141593, 1.466667
0.613191, 12.974880, 3.141593, 1.469504
0.611397, 12.919905, 3.141593, 1.468085
0.634078, 12.892045, 3.141593, 1.468558
0.620273, 12.842980, 3.141593, 1.470213
0.614344, 12.832729, 3.141593, 1.472813
0.600647, 12.785312, 3.141593, 1.474232
0.594439, 12.736677, 3.141593, 1.474704
0.594891, 12.715188, 3.141593, 1.475887
0.609768, 12.677795, 3.141593, 1.473522
0.613932, 12.664937, 3.141593, 1.473522
0.617005, 12.656963, 3.141593, 1.473050
0.598314, 12.572180, 3.141593, 1.472577
0.595383, 12.552652, 3.141593, 1.473050
0.597554, 12.492671, 3.141593, 1.470686
0.590912, 12.464765, 3.141593, 1.469031
0.584783, 12.416099, 3.141593, 1.470213
0.583103, 12.389267, 3.141593, 1.469504
0.575131, 12.372874, 3.141593, 1.465957
0.561201, 12.323318, 3.141593, 1.466430
0.556501, 12.283790, 3.141593, 1.467376
0.558522, 12.234382, 3.141593, 1.469267
0.559156, 12.205792, 3.141593, 1.468794
0.559446, 12.194394, 3.141593, 1.469267
0.550445, 12.117263, 3.141593, 1.471868
0.544740, 12.071152, 3.141593, 1.472340
0.540370, 12.006559, 3.141593, 1.469976
0.536108, 11.976332, 3.141593, 1.469504
0.545022, 11.937300, 3.141593, 1.469740
0.555025, 11.903221, 3.141593, 1.471631
0.555203, 11.851033, 3.141593, 1.470686
0.545475, 11.812853, 3.141593, 1.470213
0.540791, 11.788371, 3.141593, 1.469504
0.536616, 11.754731, 3.141593, 1.469267
0.504628, 11.697557, 3.141593, 1.465721
0.500531, 11.658229, 3.141593, 1.464066
0.496860, 11.613678, 3.141593, 1.464539
0.489381, 11.581235, 3.141593, 1.465485
0.486531, 11.559859, 3.141593, 1.465485
0.487772, 11.526903, 3.141593, 1.465248
0.481923, 11.512279, 3.141593, 1.465485
0.486568, 11.474794, 3.141593, 1.467376
0.461040, 11.396003, 3.141593, 1.465957
0.455219, 11.358849, 3.141593, 1.466667
0.440969, 11.323559, 3.141593, 1.467139
0.438425, 11.272997, 3.141593, 1.470449
0.440969, 11.262403, 3.141593, 1.470922
0.449377, 11.233395, 3.141593, 1.471158
0.427554, 11.152076, 3.141593, 1.471158
0.417291, 11.116066, 3.141593, 1.473286
0.419038, 11.071102, 3.141593, 1.471868
0.429239, 11.046778, 3.141593, 1.469504
0.435149, 11.006776, 3.141593, 1.469740
0.440132, 10.989469, 3.141593, 1.470922
0.416457, 10.979154, 3.141593, 1.469976
0.395374, 10.940104, 3.141593, 1.469740
0.379982, 10.932463, 3.141593, 1.469267
0.375047, 10.895753, 3.141593, 1.471158
0.387164, 10.870364, 3.141593, 1.469740
0.382010, 10.826872, 3.141593, 1.466903
0.383338, 10.773152, 3.141593, 1.466430
0.384768, 10.741273, 3.141593, 1.467849
0.362201, 10.711757, 3.141593, 1.468794
0.343997, 10.662083, 3.141593, 1.470213
0.354213, 10.653431, 3.141593, 1.469504
0.333023, 10.617599, 3.141593, 1.468794
0.316977, 10.563947, 3.141593, 1.471395
0.319148, 10.522832, 3.141593, 1.468558
0.314409, 10.459331, 3.141593, 1.466194
0.328562, 10.419177, 3.141593, 1.466903
0.338291, 10.371366, 3.141593, 1.467139
0.333510, 10.315132, 3.141593, 1.468558
0.329243, 10.268587, 3.141593, 1.467849
0.321589, 10.238592, 3.141593, 1.467612
0.304249, 10.204612, 3.141593, 1.471158
0.286787, 10.160819, 3.141593, 1.467849
0.281954, 10.109080, 3.141593, 1.469031
0.285993, 10.074324, 3.141593, 1.469504
0.281238, 10.033226, 3.141593, 1.470213
0.272482, 9.999070, 3.141593, 1.472104
0.253177, 9.909334, 3.141593, 1.470686
0.248746, 9.863786, 3.141593, 1.472104
0.283275, 9.813348, 3.141593, 1.466903
0.287392, 9.777764, 3.141593, 1.468085
0.312931, 9.722205, 3.141593, 1.468085
0.304345, 9.684994, 3.141593, 1.468322
0.319209, 9.657210, 3.141593, 1.466430
0.292524, 9.590147, 3.141593, 1.466667
0.282317, 9.549232, 3.141593, 1.465248
0.296306, 9.502211, 3.141593, 1.463830
0.304723, 9.460226, 3.141593, 1.464303
0.282529, 9.423396, 3.141593, 1.464303
0.282104, 9.381971, 3.141593, 1.465721
0.257077, 9.345841, 3.141593, 1.465957
0.298635, 9.288303, 3.141593, 1.465485
0.294527, 9.240390, 3.141593, 1.466430
0.272863, 9.199165, 3.141593, 1.463593
0.276959, 9.159874, 3.141593, 1.463593
0.274108, 9.121965, 3.141593, 1.465485
0.273131, 9.080095, 3.141593, 1.466194
0.285619, 9.013349, 3.141593, 1.468794
0.272835, 8.985984, 3.141593, 1.467139
0.261699, 8.928891, 3.141593, 1.469504
0.238172, 8.911858, 3.141593, 1.469976
0.221748, 8.879600, 3.141593, 1.467612
0.229113, 8.818351, 3.141593, 1.465957
0.206324, 8.768347, 3.141593, 1.466194
0.192092, 8.696011, 3.141593, 1.467139
0.190249, 8.673532, 3.141593, 1.467612
0.179343, 8.646238, 3.141593, 1.465957
0.196716, 8.613787, 3.141593, 1.466903
0.199496, 8.557460, 3.141593, 1.468322
0.207093, 8.515360, 3.141593, 1.465485
0.188563, 8.450997, 3.141593, 1.466194
0.180366, 8.424928, 3.141593, 1.466194
0.179983, 8.358414, 3.141593, 1.467849
0.183632, 8.325299, 3.141593, 1.468085
0.166819, 8.272100, 3.141593, 1.466903
0.156448, 8.216528, 3.141593, 1.469031
0.142690, 8.160474, 3.141593, 1.465957
0.149847, 8.135172, 3.141593, 1.466430
0.148777, 8.070102, 3.141593, 1.466667
0.146570, 8.017525, 3.141593, 1.467849
0.143884, 7.978323, 3.141593, 1.467612
0.132061, 7.920802, 3.141593, 1.466430
0.124774, 7.886139, 3.141593, 1.467849
0.122839, 7.838389, 3.141593, 1.465721
0.115544, 7.808604, 3.141593, 1.463593
0.111713, 7.780866, 3.141593, 1.463830
0.103905, 7.732925, 3.141593, 1.465485
0.099025, 7.676105, 3.141593, 1.466903
0.089197, 7.644958, 3.141593, 1.467376
0.082848, 7.602462, 3.141593, 1.468794
0.072791, 7.562998, 3.141593, 1.469976
0.059694, 7.513663, 3.141593, 1.469976
0.048590, 7.452116, 3.141593, 1.469504
0.036985, 7.413422, 3.141593, 1.471158
0.033465, 7.380800, 3.141593, 1.472340
0.026793, 7.328736, 3.141593, 1.471868
0.018693, 7.298631, 3.141593, 1.471868
0.004315, 7.245305, 3.141593, 1.471868
0.002930, 7.205869, 3.141593, 1.471631
-0.003519, 7.180274, 3.141593, 1.471395
-0.019354, 7.112021, 3.141593, 1.468085
-0.030887, 7.078646, 3.141593, 1.467139
-0.026742, 7.009756, 3.141593, 1.468794
-0.022655, 6.985631, 3.141593, 1.469031
-0.022485, 6.928264, 3.141593, 1.468794
-0.023888, 6.909314, 3.141593, 1.468085
-0.036680, 6.841317, 3.141593, 1.467612
-0.033427, 6.787200, 3.141593, 1.467139
-0.031070, 6.732774, 3.141593, 1.465721
-0.027767, 6.675334, 3.141593, 1.466430
-0.021603, 6.631926, 3.141593, 1.465957
-0.009145, 6.594579, 3.141593, 1.467376
-0.005147, 6.534168, 3.141593, 1.466194
-0.006540, 6.507257, 3.141593, 1.465485
-0.012550, 6.461053, 3.141593, 1.465721
-0.007240, 6.444837, 3.141593, 1.464303
-0.006336, 6.425321, 3.141593, 1.462884
-0.004812, 6.385382, 3.141593, 1.462884
-0.003513, 6.343745, 3.141593, 1.464066
-0.003501, 6.334385, 3.141593, 1.465485
-0.012776, 6.300288, 3.141593, 1.464539
-0.013348, 6.243038, 3.141593, 1.463593
-0.008730, 6.213337, 3.141593, 1.464539
-0.007415, 6.186203, 3.141593, 1.463593
-0.008357, 6.133760, 3.141593, 1.461702
-0.011361, 6.107330, 3.141593, 1.462411
-0.018204, 6.046810, 3.141593, 1.464066
-0.021583, 6.017152, 3.141593, 1.465485
-0.029293, 5.986406, 3.141593, 1.466667
-0.042430, 5.938932, 3.141593, 1.465485
-0.049306, 5.907971, 3.141593, 1.467612
-0.059577, 5.876470, 3.141593, 1.466667
-0.066028, 5.853486, 3.141593, 1.464775
-0.073902, 5.819032, 3.141593, 1.466667
-0.075615, 5.762735, 3.141593, 1.468794
-0.075859, 5.723620, 3.141593, 1.468794
-0.081193, 5.692375, 3.141593, 1.470922
-0.092146, 5.649287, 3.141593, 1.469031
-0.105052, 5.611563, 3.141593, 1.468794
-0.117358, 5.588270, 3.141593, 1.470449
-0.131410, 5.522749, 3.141593, 1.465721
-0.133135, 5.503846, 3.141593, 1.463357
-0.136278, 5.454884, 3.141593, 1.463830
-0.139861, 5.424164, 3.141593, 1.464303
-0.148630, 5.359390, 3.141593, 1.465012
-0.156758, 5.335383, 3.141593, 1.462884
-0.154212, 5.305831, 3.141593, 1.461702
-0.161459, 5.238922, 3.141593, 1.462411
-0.168131, 5.201031, 3.141593, 1.460047
-0.165652, 5.153531, 3.141593, 1.458629
-0.160098, 5.090062, 3.141593, 1.458629
-0.162029, 5.050398, 3.141593, 1.459338
-0.148248, 5.022540, 3.141593, 1.460993
-0.159092, 4.957039, 3.141593, 1.461702
-0.166056, 4.920163, 3.141593, 1.460047
-0.168629, 4.861468, 3.141593, 1.461939
-0.176143, 4.830286, 3.141593, 1.461466
-0.182903, 4.765862, 3.141593, 1.458629
-0.196789, 4.716215, 3.141593, 1.459338
-0.190943, 4.671594, 3.141593, 1.462175
-0.188247, 4.638791, 3.141593, 1.462884
-0.189851, 4.601382, 3.141593, 1.461466
-0.193111, 4.583484, 3.141593, 1.463593
-0.197033, 4.542496, 3.141593, 1.464775
-0.216402, 4.472800, 3.141593, 1.462884
-0.211969, 4.422212, 3.141593, 1.462884
-0.225409, 4.347237, 3.141593, 1.463593
-0.223859, 4.288682, 3.141593, 1.465485
-0.225921, 4.268464, 3.141593, 1.465957
-0.221208, 4.247393, 3.141593, 1.464539
-0.229060, 4.207464, 3.141593, 1.466430
-0.232567, 4.196044, 3.141593, 1.467139
-0.248290, 4.147573, 3.141593, 1.463121
-0.252651, 4.130102, 3.141593, 1.462175
-0.266524, 4.093011, 3.141593, 1.461466
-0.258950, 4.066097, 3.141593, 1.462411
-0.258295, 4.060708, 3.141593, 1.462411
-0.276227, 4.003737, 3.141593, 1.460993
-0.290086, 3.929104, 3.141593, 1.461702
-0.305169, 3.866531, 3.141593, 1.458392
-0.311345, 3.836342, 3.141593, 1.457210
-0.313391, 3.795481, 3.141593, 1.457683
-0.322107, 3.743967, 3.141593, 1.460520
-0.319233, 3.735862, 3.141593, 1.460993
-0.316623, 3.714452, 3.141593, 1.461939
-0.328601, 3.661573, 3.141593, 1.461229
-0.331461, 3.631644, 3.141593, 1.461466
-0.337342, 3.605886, 3.141593, 1.463121
-0.346331, 3.584046, 3.141593, 1.463593
-0.364418, 3.538650, 3.141593, 1.460284
-0.376537, 3.509433, 3.141593, 1.461466
-0.379755, 3.485571, 3.141593, 1.462884
-0.376993, 3.452642, 3.141593, 1.464066
-0.367322, 3.444934, 3.141593, 1.465485
-0.370325, 3.422528, 3.141593, 1.465248
-0.372402, 3.406295, 3.141593, 1.465012
-0.377433, 3.366657, 3.141593, 1.466194
-0.379929, 3.346823, 3.141593, 1.464303
-0.383454, 3.316646, 3.141593, 1.460757
-0.382959, 3.304886, 3.141593, 1.461939
-0.391990, 3.277318, 3.141593, 1.462175
-0.400134, 3.257712, 3.141593, 1.462648
-0.406177, 3.239158, 3.141593, 1.462884
-0.410707, 3.198281, 3.141593, 1.462175
-0.414283, 3.164202, 3.141593, 1.462175
-0.417999, 3.145146, 3.141593, 1.461939
-0.441456, 3.087694, 3.141593, 1.462648
-0.459424, 3.006530, 3.141593, 1.459338
-0.471231, 2.961616, 3.141593, 1.459338
-0.475560, 2.921400, 3.141593, 1.460520
-0.484052, 2.869621, 3.141593, 1.461939
-0.486004, 2.841979, 3.141593, 1.462884
-0.484611, 2.822779, 3.141593, 1.462175
-0.484735, 2.809781, 3.141593, 1.460520
-0.492838, 2.763696, 3.141593, 1.463357
-0.503130, 2.738446, 3.141593, 1.462648
-0.505918, 2.719961, 3.141593, 1.460520
-0.511111, 2.698431, 3.141593, 1.460757
-0.526326, 2.644877, 3.141593, 1.462648
-0.548843, 2.580833, 3.141593, 1.463357
-0.535214, 2.558567, 3.141593, 1.465012
-0.535487, 2.504168, 3.141593, 1.463593
-0.545038, 2.492007, 3.141593, 1.463121
-0.556887, 2.451984, 3.141593, 1.464775
-0.553253, 2.436093, 3.141593, 1.461229
-0.545228, 2.394716, 3.141593, 1.459102
-0.558388, 2.345234, 3.141593, 1.458629
-0.568932, 2.309601, 3.141593, 1.457920
-0.583383, 2.273790, 3.141593, 1.458865
-0.601263, 2.222400, 3.141593, 1.458392
-0.606198, 2.203462, 3.141593, 1.455319
-0.619644, 2.147308, 3.141593, 1.456501
-0.657440, 2.038938, 3.141593, 1.457683
-0.672487, 1.985042, 3.141593, 1.454137
-0.680287, 1.943122, 3.141593, 1.454137
-0.703270, 1.903962, 3.141593, 1.454846
-0.712339, 1.852882, 3.141593, 1.456265
-0.720970, 1.812330, 3.141593, 1.456265
-0.737134, 1.744528, 3.141593, 1.454374
-0.750443, 1.667965, 3.141593, 1.455556
-0.748867, 1.630925, 3.141593, 1.454846
-0.765665, 1.599161, 3.141593, 1.452009
-0.791877, 1.553918, 3.141593, 1.451300
-0.804741, 1.489790, 3.141593, 1.453901
-0.821871, 1.453656, 3.141593, 1.456738
-0.832815, 1.417304, 3.141593, 1.457683
-0.849068, 1.367405, 3.141593, 1.458629
-0.854982, 1.338085, 3.141593, 1.460047
-0.868433, 1.300068, 3.141593, 1.461466
-0.864970, 1.272385, 3.141593, 1.460047
-0.854397, 1.234018, 3.141593, 1.460047
-0.835006, 1.185855, 3.141593, 1.461466
-0.825013, 1.116962, 3.141593, 1.459574
-0.838038, 1.085302, 3.141593, 1.462648
-0.827967, 1.049301, 3.141593, 1.459338
-0.809736, 1.024535, 3.141593, 1.456974
-0.806316, 0.972171, 3.141593, 1.454137
-0.808281, 0.931145, 3.141593, 1.447991
-0.765272, 0.873977, 3.141593, 1.445390
-0.757887, 0.846348, 3.141593, 1.447281
-0.729260, 0.812812, 3.141593, 1.451537
-0.684599, 0.751507, 3.141593, 1.447045
-0.685740, 0.731096, 3.141593, 1.443735
-0.672934, 0.624519, 3.141593, 1.449882
-0.661657, 0.593228, 3.141593, 1.449645
-0.627982, 0.532812, 3.141593, 1.448700
-0.573664, 0.483844, 3.141593, 1.453428
-0.567597, 0.438176, 3.141593, 1.451300
-0.537213, 0.416294, 3.141593, 1.452719
-0.479888, 0.362596, 3.141593, 1.450827
-0.433825, 0.323514, 3.141593, 1.450827
-0.422827, 0.305026, 3.141593, 1.454846
-0.365815, 0.263406, 3.141593, 1.459102
-0.323832, 0.248087, 3.141593, 1.454374
-0.288458, 0.231739, 3.141593, 1.454610
-0.240304, 0.205697, 3.141593, 1.456028
-0.184206, 0.194608, 3.141593, 1.452482
-0.160547, 0.165933, 3.141593, 1.453664
-0.102183, 0.167435, 3.141593, 1.454610
-0.070111, 0.143088, 3.141593, 1.456265
-0.022623, 0.133095, 3.141593, 1.454610
0.008598, 0.124181, 3.141593, 1.456974
0.067928, 0.128717, 3.141593, 1.457447
0.141070, 0.117660, 3.141593, 1.459574
0.179931, 0.112834, 3.141593, 1.463830
0.242323, 0.109691, 3.141593, 1.463121
0.268627, 0.120183, 3.141593, 1.462884
0.326057, 0.115252, 3.141593, 1.464066
0.389022, 0.119321, 3.141593, 1.462411
0.435435, 0.112487, 3.141593, 1.459338
0.492712, 0.097837, 3.141593, 1.462175
0.525700, 0.096448, 3.141593, 1.465248
0.547751, 0.089921, 3.141593, 1.466194
0.597263, 0.087697, 3.141593, 1.463830
0.625957, 0.091633, 3.141593, 1.464539
0.652508, 0.091910, 3.141593, 1.469031
0.714215, 0.098255, 3.141593, 1.467376
0.787419, 0.109104, 3.141593, 1.470686
0.838569, 0.118653, 3.141593, 1.475414
0.875946, 0.118478, 3.141593, 1.476596
0.926974, 0.121540, 3.141593, 1.473522
0.979298, 0.111601, 3.141593, 1.473995
1.037364, 0.108485, 3.141593, 1.477305
1.074558, 0.107223, 3.141593, 1.363357
1.112722, 0.112793, 3.141593, 1.106856
1.160994, 0.126129, 3.141593, 0.934752
1.178840, 0.133870, 3.141593, 0.841844
1.191328, 0.142547, 3.141593, 0.687943
1.229625, 0.141277, 3.141593, 0.653664
1.253684, 0.138629, 3.141593, 0.563357
1.259403, 0.137936, 3.141593, 0.491962
1.273078, 0.137496, 3.141593, 0.406856
1.273482, 0.135893, 3.141593, 0.363121
1.307487, 0.130242, 3.141593, 0.289362
1.327237, 0.128459, 3.141593, 0.246572
1.342986, 0.125100, 3.141593, 0.173995
1.352699, 0.123363, 3.141593, 0.166903
1.357989, 0.125748, 3.141593, 0.106619
1.365095, 0.127423, 3.141593, 0.091489
1.360433, 0.128488, 3.141593, 0.061229
1.358210, 0.126638, 3.141593, 0.051537
1.356456, 0.125893, 3.141593, 0.000000
1.356874, 0.123649, 3.141593, 0.000000
1.352561, 0.117235, 3.141593, 0.000000
1.352705, 0.122069, 3.141593, 0.000000
1.355631, 0.117148, 3.141593, 0.000000
1.359134, 0.120594, 3.141593, 0.000000
1.357208, 0.117800, 3.141593, 0.000000
1.354802, 0.109950, 3.141593, 0.000000
1.358129, 0.115620, 3.141593, 0.000000
1.355679, 0.117811, 3.141593, 0.000000
1.356340, 0.118829, 3.141593, 0.000000
1.353338, 0.115924, 3.141593, 0.000000
1.351256, 0.119255, 3.141593, 0.000000
1.352765, 0.115197, 3.141593, 0.000000
1.361223, 0.119096, 3.141593, 0.000000
1.363858, 0.122377, 3.141593, 0.000000
1.360087, 0.121890, 3.141593, 0.000000
1.353342, 0.120913, 3.141593, 0.000000
1.354067, 0.119023, 3.141593, 0.000000
1.363153, 0.115747, 3.141593, 0.000000
1.362504, 0.117486, 3.141593, 0.000000
1.358784, 0.118368, 3.141593, 0.000000
1.366171, 0.116908, 3.141593, 0.000000
1.363723, 0.120349, 3.141593, 0.000000
1.355470, 0.123932, 3.141593, 0.000000
1.354326, 0.125544, 3.141593, 0.000000
1.359896, 0.126348, 3.141593, 0.000000
1.354305, 0.124580, 3.141593, 0.000000
1.359117, 0.126528, 3.141593, 0.000000
1.360632, 0.125866, 3.141593, 0.000000
1.357275, 0.123004, 3.141593, 0.000000
1.358601, 0.124766, 3.141593, 0.000000
1.358583, 0.120495, 3.141593, 0.000000
1.363811, 0.121642, 3.141593, 0.000000
1.360060, 0.123199, 3.141593, 0.000000
1.359557, 0.118563, 3.141593, 0.000000
1.357891, 0.115367, 3.141593, 0.000000
1.360372, 0.117956, 3.141593, 0.000000
1.358490, 0.118909, 3.141593, 0.000000
1.358354, 0.119906, 3.141593, 0.000000
1.357411, 0.116309, 3.141593, 0.000000
1.356566, 0.121155, 3.141593, 0.000000
1.354560, 0.116893, 3.141593, 0.000000
1.357930, 0.118845, 3.141593, 0.000000
1.351009, 0.113643, 3.141593, 0.000000
1.352829, 0.120230, 3.141593, 0.000000
1.350352, 0.117363, 3.141593, 0.000000
1.358598, 0.117785, 3.141593, 0.000000
1.356305, 0.120785, 3.141593, 0.000000
